<?xml version="1.0" encoding="UTF-8"?>
<beans xmlns="http://www.springframework.org/schema/beans"

                xmlns:context="http://www.springframework.org/schema/context"

                xmlns:xsi="http://www.w3.org/2001/XMLSchema-instance"

                xmlns:mvc="http://www.springframework.org/schema/mvc"

                xmlns:tx="http://www.springframework.org/schema/tx"



                xsi:schemaLocation="

        http://www.springframework.org/schema/beans    

        http://www.springframework.org/schema/beans/spring-beans-2.5.xsd

        http://www.springframework.org/schema/context

        http://www.springframework.org/schema/context/spring-context.xsd

        http://www.springframework.org/schema/mvc

        http://www.springframework.org/schema/mvc/spring-mvc.xsd

        http://www.springframework.org/schema/tx

        http://www.springframework.org/schema/tx/spring-tx-3.0.xsd"
        
        default-init-method="myInit" default-destroy-method="tearDown"
        >
        
        <bean id="triangle" class="com.cg.Triangle">
        	<!-- <constructor-arg value="20" index="1"></constructor-arg>
        	<constructor-arg value="Equlilater" index="0"></constructor-arg> -->
        	
        	<!-- <property name="pointA" ref="zeroPoint"></property> -->
  
  
  			<property name="pointA" ref="zeroPoint"></property>
  			<property name="pointB" ref="center"></property>
  			<property name="pointC" ref="point2"></property>
        	</bean>
        	
         <bean id="zeroPoint" class="com.cg.Point">
        	<property name="x" value="0"></property>
        	<property name="y" value="0"></property>
        </bean> 
        <bean id="center" class="com.cg.Point">
        	<property name="x" value="-20"></property>
        	<property name="y" value="-10"></property>
        </bean>
      <bean id="point2" class="com.cg.Point">
        	<property name="x" value="20"></property>
        	<property name="y" value="10"></property>
        </bean>
        
        <!-- <bean id="circle" class="com.cg.Circle" autowire="byName" scope="prototype">
       
        
        </bean> -->

		<!-- <bean class="com.cg.DisplayNameBeanPostProcesses"></bean> -->
		<bean class="com.cg.MyBeanFactoryPostProcessor"></bean>

                </beans>

